{
    "loss": 0.22324620187282562,
    "accuracy": 0.9791666865348816
}